<?xml version="1.0" encoding="UTF-8"?>
<Configuration xmlns="http://logging.apache.org/log4j/2.0/config">
    <Properties>
        <Property name="LOG_PATTERN">
            %d{${LOG_DATEFORMAT_PATTERN:-yyyy-MM-dd HH:mm:ss.SSS}} %highlight{${LOG_LEVEL_PATTERN:-%5p}}{FATAL=red blink, ERROR=red, WARN=yellow bold, INFO=green, DEBUG=green bold, TRACE=blue} %style{${sys:PID}}{magenta} [%X{Operation-Id}] [%15.15t] %style{%-40.40C{1.}}{cyan} : %m%n${LOG_EXCEPTION_CONVERSION_WORD:-%wEx}
        </Property>
    </Properties>
    <Appenders>
        <Console name="ConsoleAppender" target="SYSTEM_OUT" follow="true">
            <PatternLayout disableAnsi="false" pattern="${LOG_PATTERN}"></PatternLayout>
        </Console>
    </Appenders>
<!--    todo add appender for ELK -->
    <Loggers>
        <Root level="info">
            <AppenderRef ref="ConsoleAppender"></AppenderRef>
        </Root>
    </Loggers>
</Configuration>