{
    "iin": "990507400700",
    "firstName": "АРУЖАН",
    "surname": "ДУЛАТҚЫЗЫ",
    "patronymic": null,
    "engFirstName": "ARUZHAN",
    "engSurname": "DULATKYZY",
    "birthDate": "1999-05-07T00:00:00",
    "gender": {
        "code": "2",
        "nameRu": "Женский",
        "nameKz": "Әйел",
        "changeDate": "2013-05-17T17:29:19+06:00"
    },
    "nationality": {
        "code": "005",
        "nameRu": "КАЗАШКА",
        "nameKz": "ҚАЗАҚ",
        "changeDate": "2008-03-01T13:21:45+06:00"
    },
    "citizenship": {
        "code": "398",
        "nameRu": "КАЗАХСТАН",
        "nameKz": "ҚАЗАҚСТАН",
        "changeDate": "2008-03-01T13:21:44+06:00"
    },
    "lifeStatus": {
        "code": "0",
        "nameRu": "Нормальный",
        "nameKz": "Қалыпты",
        "changeDate": "2008-03-01T13:21:45+06:00"
    },
    "birthPlace": {
        "country": {
            "code": "398",
            "nameRu": "КАЗАХСТАН",
            "nameKz": "ҚАЗАҚСТАН",
            "changeDate": "2008-03-01T13:21:44+06:00"
        },
        "district": {
            "code": "1919",
            "nameRu": "ЖАМБЫЛСКАЯ",
            "nameKz": "ЖАМБЫЛ",
            "changeDate": "2008-03-01T13:21:45+06:00"
        },
        "region": {
            "code": "1919401",
            "nameRu": "ТАРАЗ",
            "nameKz": "ТАРАЗ",
            "changeDate": "2008-03-01T13:21:45+06:00"
        },
        "city": "-"
    },
    "regAddress": {
        "country": {
            "code": "398",
            "nameRu": "КАЗАХСТАН",
            "nameKz": "ҚАЗАҚСТАН",
            "changeDate": "2008-03-01T13:21:44+06:00"
        },
        "district": {
            "code": "1919",
            "nameRu": "ЖАМБЫЛСКАЯ",
            "nameKz": "ЖАМБЫЛ",
            "changeDate": "2008-03-01T13:21:45+06:00"
        },
        "region": {
            "code": "1919401",
            "nameRu": "ТАРАЗ",
            "nameKz": "ТАРАЗ",
            "changeDate": "2008-03-01T13:21:45+06:00"
        },
        "street": "УЛИЦА Каныша Сатбаева",
        "building": "13",
        "flat": "24",
        "beginDate": "2007-02-28T00:00:00",
        "status": {
            "code": "1",
            "nameRu": "Зарегистрирован",
            "nameKz": "Тіркелді",
            "changeDate": "2013-11-29T22:36:46+06:00"
        },
        "invalidity": {
            "code": "0",
            "nameRu": "Зарегистрирован",
            "nameKz": "Тіркелді",
            "changeDate": "2013-11-29T22:36:46+06:00"
        },
        "arCode": "1201400013223454"
    },
    "documents": {
        "listOfDocuments": [
            {
                "type": {
                    "code": "001",
                    "nameRu": "ПАСПОРТ РК",
                    "nameKz": "ҚР ПАСПОРТЫ",
                    "changeDate": "2008-03-01T13:21:45+06:00"
                },
                "number": "N14168384",
                "beginDate": "2022-02-03T00:00:00",
                "endDate": "2032-02-02T00:00:00",
                "issueOrganization": {
                    "code": "002",
                    "nameRu": "МИНИСТЕРСТВО ВНУТРЕННИХ ДЕЛ РК",
                    "nameKz": "ҚР ІШКІ ІСТЕР МИНИСТРЛІГІ",
                    "changeDate": "2008-03-01T13:21:45+06:00"
                },
                "status": {
                    "code": "00",
                    "nameRu": "ДОКУМЕНТ ДЕЙСТВИТЕЛЕН",
                    "nameKz": "ҚҰЖАТ ЖАРАМДЫ",
                    "changeDate": "2008-03-01T13:21:45+06:00"
                },
                "firstName": "АРУЖАН",
                "surname": "ДУЛАТҚЫЗЫ",
                "patronymic": null,
                "birthDate": "1999-05-07T00:00:00"
            },
            {
                "type": {
                    "code": "002",
                    "nameRu": "УДОСТОВЕРЕНИЕ РК",
                    "nameKz": "ҚР ЖЕКЕ КУӘЛІГІ",
                    "changeDate": "2008-03-01T13:21:45+06:00"
                },
                "number": "038031305",
                "beginDate": "2015-06-08T00:00:00",
                "endDate": "2025-06-07T00:00:00",
                "issueOrganization": {
                    "code": "002",
                    "nameRu": "МИНИСТЕРСТВО ВНУТРЕННИХ ДЕЛ РК",
                    "nameKz": "ҚР ІШКІ ІСТЕР МИНИСТРЛІГІ",
                    "changeDate": "2008-03-01T13:21:45+06:00"
                },
                "status": {
                    "code": "00",
                    "nameRu": "ДОКУМЕНТ ДЕЙСТВИТЕЛЕН",
                    "nameKz": "ҚҰЖАТ ЖАРАМДЫ",
                    "changeDate": "2008-03-01T13:21:45+06:00"
                },
                "firstName": "АРУЖАН",
                "surname": "ДУЛАТҚЫЗЫ",
                "patronymic": null,
                "birthDate": "1999-05-07T00:00:00"
            }
        ]
    }
}